personal informations,family members,the world,everyday activities,classroom,classroom actions,types of housing,the living room,the dining room,the bedroom,the kitchen,kitchenware,the baby room,baby care,the bathroom,personal care products,household cleaning and laundry,outside the house,the apartment building,"housing utilities, services and repairs",tools,gardening tools and home supplies,numbers,mathematics,time,the calender,places around town,the city,describing people and things,describing physical states and emotions,fruits,vegetebles,the supermarket,containers and quantities,units of measure,food preparation and recipes,fast food and sandwitches,restaurant,colors,clothings,sleepwear,exercise clothing and outwear,jewelry and accessories,describing clothing,the department store,video and audio equipment,computer,the toy store,money,the bank,the body,"ailments, symptoms and injuries",medical and dental care,medical treatment and the hospital,medicine,the post office,the library,the school,school subjects,occupations,work activities,the office,Office equipment,Office Furnishing,Office Supplies,The Factory,The Construction Site,The Car,Highways and streets,Public Transportation,The Airport,The Airplane,The Weather and Seasons,Outdoor Recreation,The Park and The Playground,The Beach,Individual Sports and Recreation,Team Sports,Team Sports Equipment,Winter Sports and Recreation,Water Sports and Recreation,Sport and Exercise Actions,"Handicrafts, Hobbies and Games",Entertainment,Types of Entertainment,Musical Instruments,"Trees, Flowers and Plants",Environment and Energy,The Farm and Farm Animals,Animals and Pets,Birds,Insects,Fish,Sea Animals,Reptiles,Measurments and Geometric Shapes,The Universe and Space Exploration
Name,Family,Continents,Get up,teacher,stand up,apartment building,coffee table,Table,bed,dishwasher,wok,teddy bear,baby powder,plunger,toothbrush,broom,lamppost,lobby,carpenter,hammer,lawnmower,first,Arithmetic,2:00 two o'clock,Year,appliance store,trash container,tall - short,tired,apple,lettuce,Dairy products,bag,teaspoon tsp.,cut up,donut,Appetizers,red,shirt,pajamas,tee shirt,ring,long/short,store directory,TV/Television set,computer,(board) game,penny (1 cent),checkbook,head,headache,doctor/physician,prescription,aspirin,letter,librarian,office,math/mathematics,accountant,act,reception area,computer,desk,paper clip,time clock,wheelbarrow,headlight,tunnel,train,check-in,cockpit,weather,camping,jogging path,lifeguard,jogging,baseball,baseball,downhill skiing,sailing,hit,sewing,theater,music,strings,tree,forest/woods,farmhouse,fox,robin,fly,trout,whale,tortoise,Measurments,galaxy
First Name,Wife,Countries,Take a shower,teacher's aide,go to the board,single family house,rug,Chair,headboard,dishwasher detergent,pot,intercom,baby lotion,toilet,comb,dustpan,mailbox,intercom,handyman,screwdriver,gas can,second,addition (plus),2.15 two fifteen,Month,auto dealer / car dealer,police station,long - short,sleepy,peach,cabbage,milk,bar,tablespoon Tbsp,chop up,muffin,Fruit cup,pink,short-sleeved shirt,nightgown,tank top,engagement ring,tight/loose/baggy,escalator,remote control (unit),monitor,(building) blocks,nickel (5 cent),check register,hair,earache,nurse,injection/shot,cold tablets,postcard,checkout desk,nurse's office,algebra,actor,assemble components,coat rack,VDT/video display terminal,swivel chair,plastic clip,time cards,toolbelt,bumper,bridge,train station,ticket counter,pilot/captain,sunny,tent,rest rooms,lifeguard stand,jogging suit,baseball player,baseball,skis,sailboat,pitch,sewing machine,lights/lighting,classical music,violin,leaf-leaves,lake,vegetable garden,porcupine,nest,mosquito,fin,dolphin,tortoise shell,height,star
Middle Name,Husband,Provinces,Brush/Floss the teeth,student,write your name,duplex house / two family house,floor,China cabinet,pillow,dishwashing liquid,saucepan,chest,baby shampoo,toilet tank,hair brush,feather duster,front walk,buzzer,house painter,philips screwdriver,garden hose,third,subtraction (minus),2:15 a quarter after two,Day,bakery,jail,large/big - small/little,exhausted,pear,celery,low-fat milk,bottle,fluid ounce fl. oz.,slice,bagel,fruit cocktail,orange,dress shirt,nightshirt,sweat pants,wedding ring / wedding band,large/big/small,men's clothing department,VCR/videocassette recorder,disk drive,constuction set,dime (10 cent),monthly statement,forehead,toothache,X-ray technician,bandaid,vitamins,air letter/aerogramme,library assistant,guidance office,geometry,actress,bake,coat closet,(dot-matrix) printer,rolodex,paper fastener,supply room,shovel,turn signal,tollbooth,ticket window,ticket agent,co-pilot,cloudy,backpack,statue,life preserver,jogging shoes,baseball field/ballfield,bat,ski boots,life preserver,throw,pin,curtain,popular music,viola,twig,meadow,scarecrow,quill,egg,flea,gill,seal,alligator,width,constellation
Last Name/Family Name/Surname,Parents,Cities,Shave,seat/chair,erase your name,condominium/condo,armchair,china,pillowcase,faucet,lid/cover/top,crib,ointment,toilet seat,razor,dust cloth,front steps,mailbox,chimney sweep,wrench,nozzle,fourth,multiplication (times),2:30 two thirty,Date,bank,courthouse,high - low,hot,banana,corn,skim milk,box,cup 8 fl. ozs.,grate,bun,tomato juice,yellow,sport shirt,bathrobe/robe,running shorts,earrings,hight/low,perfume counter,(blank) video tape,keyboard,(jigsaw) puzzle,quarter (25 cent),bank book,temple,stomachache,lab tecknician,stitches,cough syrup,package/parcel,microfilm,cafeteria,trigonometry,architect,build things/construct things,message board,(letter-quality) printer,pencil cup,bulldog clip,safety glasses,sledgehammer,parking light,exact change lane,arrical and departure board,ticket,instrument panel,clear,sleeping bag,picnic area,snack bar/refreshment stand,running,softball,batting helmet,bindings,canoeing,catch,pin cushion,spotlight,country music,cello,branch,mountain,crop,raccoon,blue jay,firefly/lightning bug,tail,flipper,crocodile,depth,the big dipper
Address,Mother,Urban area,Get dressed,pen,sit down/take your seat,dormitory/dorm,end table,chandelier,fitted sheet,kitchen sink,frying pan/skillet,crib bumber,formula,air freshener,razor blades,iron,front porch,elevator,appliance repair person,pliers,wheelbarrow,eleventh,division (divided by),2:30 half past two,,barber shop,bench,heavy/fat - thin/skinny,cold,plum,cauliflower,chocolate milk,bunch,pint pt. 16fl. ozs.,peel,danish/pastry,shrimp cocktail,green,polo shirt / jersey / sport shirt,slippers,tennis shorts,necklace,fancy/plain,jewelry counter,video/(video) tape,mouse,rubber ball,half dollar (50 cent),traveler's checks,face,backache,EMT/ Emergency Medical Technician,sling,cough drops,first class,microfiche,principal's office,calculus,artist,clean,mailbox,(laser) printer,letter tray/stacking tray,binder clip,masks,pickax,tire,route sign,information booth,arrival and departure monitor,flight engineer,hazy,tent stakes,picnic table,sand dune,running shorts,softball player,baseball uniform,poles,canoe,pass,thread,scenery,rock music,bass,limb,valley,irrigation system,wolf-wolves,wing,moth,bass,jellyfish,lizard,length,the little dipper
Street Number,Father,Suburb,Wash the face,pencil,do your homework,mobile home/trailer,lamp,buffet,flat sheet,garbage disposal,roasting pan,mobile,baby food,toilet paper holder,electric razor,ironing board,storm door,doorman,TV repair person,hacksaw,watering can,twelfth,Fractions,2:45 two forty-five,,book store,street light,heavy - light,hungry,apricot,broccoli,buttermilk,can,quart qt. 32fl ozs.,stir,biscuit,chicken wings,blue,flannel shirt,undershirt/tee shirt,lycra shorts,pearl necklace/pearls,heavy/light,elevator,camcorder/video camera,printer,beach ball,silver dollar (1 Dollar),credit card,eye,sore throat,Dentist,crutches,throat lozenges,air mail,card catalog,classroom,English,assembler,cook,file cabinet,word processor,memo holder,clamp,(assembly) line,jackhammer/pneumatic drill,hubcap,highway,schedule/timetable,security,first-class section,foggy,hatchet,grill,rock,running shoes,ballfield,catcher's mask,cross-country skiing,paddles,kick,sewing needle,stage,folk music,acoustic guitar,trunk,waterfall,barn,moose,tail,dragonfly,salmon,otter,iguana,inch,the solar system
Street Name,Children,Country,Put on make up/parfum,eraser,bring in your homework,farmhouse,lampshade,slad bowl,blanket,sponge,roaster,crib toy,wipes,toilet paper,electric shaver,carpet sweeper,front door,smoke detector,locksmith,hatchet,rake,thirteenth,1/4 one quarter,2:45 a quarter to three,,bus station,ice cream truck,loose - tight,thirsty,nectarine,spinach,orange juice,carton,gallon gal. 128fl. ozs.,beat,croissant,nachos,puple,blouse,(jockey) shorts/underpants,jogging suit/running suit,chain,dark/light,men's room,turntable,modem,pail and shovel,,ATM card,eyebrow,fever/temperature,(Oral) Hygienist,cast,antacid tablets,parcel post,online catalog,locker,history,baker,deliver pizzas,supply cabinet,typewriter,desk calendar,rubber band,worker,helmet/hard hat,hood,road,train,security checkpoint,passenger,windy,lantern,trash can,swimmer,walking,football,baseball glove,cross-country skis,rowing rowboat,serve,thimble,chorus,rap music,ukelele,bark,rapids,silo,antler,feather,spider,shark,walrus,tadpole,foot-feet,sun
Apartment Number,Daughter (Sister),Village,Brush/Comb the hair,desk,go over the answers,cabin,window,pitcher,electric blanket,scouring pad,double boiler,night light,cotton swabs,toilet brush,styptic pencil,vacuum cleaner attachments,doorbell,peephole,gardener,monkey wrench,hoe,fourteenth,1/4 one fourth,2:05 two and five,,cafetria,sidewalk,fast - slow,full,kiwi,asparagus,cheese,container,an ounce oz.,saute,hamburger,potato skins,black,turtleneck,boxer shorts,leotard,beads,wide/narrow,ladies' room,tape deck,(floppy disc / diskette,hula hoop,,deposit slip,eyelid,cold,obstetrician,diet,decongestant spray/nasal spray,book rate/third class,shelves,language lab,geography,barber,design buildings,storage cabinet,calculator,desk lamp,staple,work station,blueprints,windshield,divider/barrier,track,security guard,galley,humid/muggy,camp stove,merry-go-round/carousel,wave,walking shoes,football player,catcher's mitt,ince skating,oars,bounce,material,dancer,gospel music,electric guitar,root,hill,stable,deer,cardinal,web,flounder,tusk,frog,yard,moon
City,Son (Brother),Countries,make the bed,teacher's desk,correct your mistakes,nursing home,drapes/curtains,serving bowl,dust ruffle,pot scrubber,pressure cooker,changing table,diaper pins,towel rack,shower cap,vacuum cleaner bag,front light,door chain,electrician,saw,trowel,twenty-first,1/3 one third,2:20 two twenty,,child care center,curb,straigt - crooked,sick/ill,papaya,eggplant,butter,dozen,4 ozs 1/4 pound lb.,pour,cheeseburger,Salad bar,white,pants / slacks,athletic supporter/jockstrap,tights,pin,stripped,water fountain,CD player,(computer) software,jump rope,,withdrawal slip,eyelashes,cough,gynecologist,rest in bed,eye drops,registred mail,information desk,chemistry lab,science,bookkeeper,draw,workstation,adding machine,nameplate,thumbtack,quality control supervisor,trowel,windshield wipers,overpass,platform,x-ray machine,flight attendant,raining,hiking boots,fountain,sufer,roller skating,football field,softball,ice skates,kayaking,dribble,knitting,actress,jazz,banjo,needle,field,hay,hoof,hummingbird,ladybug,swordfish,lobster,slamander,centimeter,planet
State/Provinde,Baby,Nationalities,Get undressed,book/textbook,hand in your homework,shelter,sofa/couch,serving platter,bedspread,dish rack,colander,dressing table,disposable diapers,bath towel,nail file,hand vacuum,window,dead-bolt lock,plumber,hand drill,shovel,thirtieth,1/2 one half,2:20 twenty after two,,day care center,street,straight - curly,happy,mango,zucchini squash,margarine,ear,8 ozs. 1/2 lb.,carve,hot dog,tossed salad,gray,blue jeans,long underwear/long johns,sweatband,watch / wrist watch,checked,parking garage,amplifier,portable computer,doll,,check,iris,virus,pediatrician,drink fluids,ointment,express mail/overnight mail,copier/(photo)copy machine,teachers' lounge,biology,bricklayer/mason,drive a truck,computer workstation,microcassette recorder/dictaphone,desk pad,pushpin,foreman,tape measure,side mirror,underpass,passenger,metal detector,lavatory/bathroom,drizzling,compass,zoo,vendor,roller skates,lacrosse,softball,skate guards,kayak,shoot,knitting needle,actor,blues,mandolin,cone,stream/brook,pitchfork,fawn,pheasant,wasp,eel,lobster claw,snake,meter,solar eclipse
Zip Code / Postal Code,Grandparents,Languages,Take a bath,notebook,open your book,houseboat,throw pillow,tablecloth,comforter/quilt,paper towel holder,casserole dish,stretch suit,cloth diapers,hand towel,emery board,mop / dust mop / dry mop,window screen,air conditioner,exterminator,brace,hedge clippers,fourtieth,1/2 half,2:40 two forty,,cleaners / dry cleaners,manhole,wide - narrow,ecstatic,fig,acorn squash,sour cream,head,12 ozs. 1/4 lb.,fill ... with ...,taco,garden salad,brown,corduroy pants/corduroys,(bikini) panties/underpants,coat,bracelet,plaid,women 's clothing department,tunner,notebook computer,doll clothing,,money order,pupil,infection,cardiologist,exercise,creme,stamp,reference librarian,gym/gymnasium,chemistry,bus driver,file,water cooler,telephone,wastebasket,index card,machine,level,antenna,entrance ramp/on ramp,conductor,the gate,cabin,snowing,trail map,water fountain,sunbather,knee pads,lacrosse player,softball glove,figure skating,paddle,stretch,yam,orchestra,bluegrass,harp,dogwood,pond,barnyard,mouse-mice,crow,tick,sea horse,crab,rattlesnake,distance,lunar eclipse
Telephone Number,Grandmother,Currency,go to bed,notebook paper,read page eight,,ceiling,candlestick,footboard,dish towel,cake pan,changing pad,liquid vitamins,washcloth/facecloth,nail clipper,sponge mop,shutter,fire alarm,gas bill,chisel,work gloves,hundred,2/3 two thirds,2:40 twenty to three,,donuts shop,bus stop,thick - thin,sad / unhappy,coconut,butternut squash,cream cheese,jar,16 ozs. 1 lb.,add ... to ...,slice of pizza,greek salad,beige,skirt,briefs,overcoat,cuff links,polka dot,children's clothing department,speaker,telephone/phone,doll house,,loan application,cornea,rash,optometrist,gargle,lotion,sheet of stamps,reference section,locker room,physics,butcher,fly an airplane,coffee cart,headset,posture chair/clerical chair,memo pad/note pad,lever,ladder,sunroof,interstate (highway),luggage/baggage,check-in counter,carry-on bag,hailing,mountain climbing,band shell,sand castle,cycling/bicycling/biking,lacrosse field,football,figure skates,white water rafting,bend,weaving,orchestra pit,heavy metal,woodwinds,holly,plateau,pig pen/pig sty,chipmunk,seagull,bee,,octopus,cobra,mile,meteor
Area Code / Regional Code,Grandfather,,Sleep,graph paper,study page eight,,wall,candle,blinds,trash compactor,pie plate,diaper pail,pacifier,hamper,nail brush,wet mop,roof,garbage chute,electric bill,scraper,vegetable seeds,thousand,3/4 three quarters,2:55 two fifty-five,,clinic,taxi / cab / taxicab,dark - light,miserable,avocado,pea,cottage cheese,loaf-loaves,,put ... in ...,bowl of chili,spinach salad,light green,dress,bra,jacket,tie pin / tie tack,print,housewares department,stereo system/sound system,portable phone/portable telephone,doll house furmiture,,(bank) vault,ear,insect bite,surgeon,x-rays,heating pad,roll of stamps,atlas,auditorium,spanish,carpenter,grow vegerables,office,phone system,wall calendar,post-it note pad,fire extinguisher,scaffolding,luggage rack/luggage carrier,median,porter/redcap,boarding pass,overhead conpartment,sleeting,hiking boots,bridle path,seashell/shell,bicycle/bike,ice hockey,football,sledding,raft,walk,loom,audiance,reggae,piccolo,magnolia,cliff,field,rat,sparrow,beehive,,octopus tentacle,boa constrictor,kilometer,comet
Phone Number,Grandchildren,,Make breakfast,ruler,close your book,,wall unit,centerpiece,night table/nightstand,cabinet,cookie sheet,toy chest,bottle,bathroom scale,scissors,washing machine / washer,TV antenna,laundry room,telephone bill,vise,fertilizer,million,3/4 three fourths,2:55 five to three,,clothing store,taxi driver / cab driver,new - old,pleased,cantaloupe,string bean / green bean,yogurt,pack,,combine ... and ...,order of fried chicken,antipasto plate,dark green,jumpsuit,camisole,windbreaker,tie clip,flowered,furniture department/ home furnishings department,tape recorder,answering machine,action figure,,safe deposit box,earlobe,sunburn,psychiatrist,tests,ice pack,book of stamps,encyclopedia,field,French,cashier,guard buildings,mailroom,telex machine,wall planner,message pad,first-aid kit,dump truck,rear windshield,left lane,engine,gate,aisle,lightning,rock climbing,bike rack,beach umbrella,(bicycle) helmet,hockey player,football helmet,sled,life jacket,run,crocheting,aisle,plays,flute,elm,canyon,combine,squirrel,woodpecker,caterpillar,,shrimp,,lines,asteroid
SSN,Granddaughter,,Make lunch,calculator,put away your book,,entertainment unit,salt shaker,alarm clock,microwave oven,mixing bowl,doll,nipple,shelf,tweezers,dryer,chimney,superintendent,water bill,electric drill,grass seed,billion,Percents,2:00 Two am,,coffee shop,bus,young - old,disappointed,honeydew (melon),lima bean,eggs,package,,mix ... and ...,coke/diet coke/pepsi/7-up/...,caesar salad,navy blue,shorts,slip,ski jacket,belt,paisley,household appliances department,(personal cassette player/Walkman,fax machine,stuffed animal,,teller,nose,stiff neck,examination table,blood work/blood tests,wheelchair,money order,dictionary,bleachers,home economics,chef/cook,mow lawns,postage machine/postage meter,fax machine,file cabinet,legal pad,conveyor belt,front-end loader,rear defroster,middle lane/center lane,engineer,waiting area,seat belt,thunderstorm,rope,duck pond,(beach) chair,skateboarding,hockey rink,shoulder pads,sledding dish/saucer,swimming,hop,crochet hook,orchestra,drama,clarinet,cherry,river,pasture,rabbit,beak,cocoon,,mussel,,straight line,mercury
Social Security Number,Grandson,,Cook/Make dinner,clock,take out a piece of paper,,television,pepper shaker,clock radio,kitchen counter,rolling pin,swing,bib,hair dryer,bobby pins,laundry detergent,garage,storage room,oil bill / hearing bill,drill bit,flashlight,,25% twenty-five percent,2:00 Two pm,,computer store,bus driver,good - bad,upset,pineapple,black bean,Canned Goods,roll,,cook,lemonade,salad bar,turquise,sweater,half slip,bomber jacket,key ring / key chain,solid blue,electronics department,portable stereo system/boom box,camera,matchbox car,,secuity guard,nostril,runny nose,eye chart,surgery,pill tablet,change-of-adress form,media section,track,health,computer programmer,operate equipment,copier/(photo)copy machine,pencil sharpener,stapler,file folder/manila folder envelope,warehouse,bulldozer,trunk,right lane,passenger car,concession stand/snack bar,window seat,snowstorm,harness,bicycle path/bikeway,(beach) towel,skateboard,basketball,lacrosse,bobsledding,swimsuit/bathing suit,skip,needlepoint,mezzanine,comedy,oboe,palm,dam,orchard,gopher,swallow,butterfly,,clam,,parallel lines,venus
,Relatives,,Eat/Have lunch,flag,pass out tests,,video cassette recorder VCR,butter dish,chest,cutting board,measuring cup,playpen,teething ring,fan,hair clips,fabric softener,garage door,parking garage,cable tv bill,power saw,flyswatter,,50% fifty percent,12:00 am noon / Twelve noon,,concert hall,parking meter,hot - cold,annoyed,watermelon,kidney bean,soup,six-pack,,bake,coffee,Main courses/Entrees,hot pink,V-neck sweater,stockings,parka,wallet,,customer assistance counter/customer service counter,(audio) tape/(audio) cassette,zoom lens,toy truck,,automatic teller (machiner)/ATM (machine),cheek,bloody nose,scale,physical therapy,capsule,selective service registration form,videotape,principal,industrial arts/shop,construction worker,paint,waste receptacle,electric pencil sharpener,staple remover,catalog envelope,forklift,cherry picker,taillight,shoulder,sleeper,gift shop,middle seat,hurricane/typhoon,picnic,bench,bathing suit/swimsuit,elbow pads,basketball player,lacrosse ball,bobsled,goggles,jump,embroidery,balcony,musical comedy,recorder,birch,desert,fruit tree,beaver,pigeon,grasshopper,,scallop,,perpendicular lines,earth
,Aunt/Uncle,,Eat/Have dinner,board,answer the questions,,stereo system,serving cart,mirror,canister,measuring spoon,stuffed animal,,mirror,barrettes,bleach,driveway,parking lot,pest control bill,level,extension cord,,75% seventy-five percent,12:00 pm Midnight/ Twelve midnight,,convenience store,meter maid,soft - hard,frustrated,grapefruit,brussels sprout,tuna fish,stick,,boil,decaf coffee,meatloaf,neon green,cardigan sweater,pantyhose,down jacket,change purse,,snack bar,CD/Compact disc record,camera case,racing car set,,bank officer,jaw,cavity,x-ray machine,counseling,caplet,envelope,record,assistant principal,driver's education/driver's ed,courier/messenger,play the piano,supply room,paper cutter,tape dispenser,clasp envelope,freight elevator,crane,brake light,broken line,dining car,duty shop,aisle seat,tornado,(picnic) blanket,playground,bathing cap,bowling,basketball court,face guard,snowmobiling,bathing cap,kneel,quilting,usher,movies,saxophone,maple,dune,farmer,bat,owl,ant,,oyster,,geometric shapes,mars
,Niece/Nephew,,Clean the house,chalk,check your answers,,speaker,teapot,jewelry box,stove/range,coffeemaker,rattle,,medecine cabinet,shampoo,starch,gutter,balcony / terrace,rent,plane,tape measure,,100% one hundred percent,,,copy center,subway,easy - difficult/hard,angry/mad,lemon,cucumber,canned vegetables,tub,,broil,tea,roast beef/prime rib,silver,overalls,tights,down vest,pocketbook/purse/handbag,,gift wrap counter,set of headphones,flash attachment,train set,,,mouth,wart,stethroscope,hospital bed,teaspoon,address,tape,(school) nurse,typing,custodian/janitor,repair things/fix things,storage room,plastic binding machine,paper clip dispenser,mailer,vending machine,cement mixer,backup light,solid line,bus,duty-free shop,fasten seat belt sign,temperature,thermos,jungle gym,kickboard,bowling ball,volleyball,lacrosse stick,snowmobile,snorkeling,sit,painting,program,drama,bassoon,oak,jungle,hired hand,skunk,hawk,beetle,,snail,,square,jupiter
,Cousin,,Sweep the floor,chalk tray,collect the tests,,loveseat,coffee pot,dresser,burner,coffee grinder,cradle,,medecine chest,conditioner / rinse,static cling remover,drainpipe / downspout,swimming pool,parking fee,toolbox,step ladder,,,,,delicatessen / deli,subway station,smooth - rough,furious,lime,tomato,canned fruit,pint,,fry,iced tea,veal cutlet,gold,uniform,socks,raincoat,shoulder bag,,parking lot,radio,tripod,model kit,,,lip,(the) hiccups,thermometer,call control,tablespoon,zip code,computer diskette,guidance counselor,art,data processor,sell cars,conference room,postal scale,business cards,mailing label,union notice,pickup truck,license plate,speed limit sign,bus,baggage claim,no smoking sign,thermometer,picnic basket,monkey bars,surfboard,bowling shoes,volleyball player,hockey,tobogganing,mask,lie down,paintbrush,ticket,comedy,brass,pine,seashore,chicken coop,possum,eagle,termite,,starfish,,square side,saturn
,Mother-in-law,,Dust,eraser,listen to the question,,plant,creamer,twin bed,oven,tea kettle,walker,,bathroom sink,hairspray,cleanser,deck,whirlpool,mortgage payment,paint pan,plunger,,,,,department store,utility pole,neat - messy,disgusted,orange,carrot,Packaged Goods,quart,,steam,milk,baked chicken,,jacket/sports jacket/sports coat,knee socks,poncho,tote bag,,customer pickup area,shortwave radio,film,science kit,,,tooth-teeth,(the) chills,gloves,I.V.,,return address,peiodicals section,lunchroom monitor,music,delivery person,serve food,conference table,paper shredder,clipboard,typewriter ribbon,suggestion box,trailer,tailpipe,exit (ramp),luggage compartment/baggage conpartment,baggage claim (area),call button,fahrenheit,,slide,kite,horseback riding,volleyball court,hockey puck,toboggan,snorkel,reach,easel,symphony,western,trumpet,redwood,bay,hen house,donkey,claw,roach/cockroach,,squid,,rectangle,uranus
,Father-in-law,,Vacuum,P.A. system/loudspeaker,raise your hand,,painting,sugar bowl,mattress,potholder,toaster over,car seat,,hot water faucet,toothpaste,window cleaner,back door,,,paint roller,yardstick,,,,,discount store,taxi stand,clean - dirty,surprised,tangerine,radish,cereal,half-gallon,,scramble,tuna fish sandwich,broiled fish,,jacket,shoes,trenchcoat,book bag,,,clock radio,slide projector,crayons,,,tongue,cramps,blood pressure gauge,hospital gown,,stamp /postage,newspaper,cafeteria worker,,electrician,sew,whiteboard/dry erase board,,appointment book,gluestick,cafeteria,van,muffler,exit sign,bus driver,baggage carousel,oxygen mask,centigrade/celsius,,swings,raft/air mattress,saddle,soccer,hockey stick,,flippers,swing,paint,symphony orchestra,cartoon,trombone,weeping willow,ocean,fence,buffalo,canary,scorpion,,,,rectangle lenght,neptune
,Daughter-in-law,,Wash the dishes,bulletin board,give the answer,,frame,A place setting,box spring,toaster,electric mixer,stroller,,cold water faucet,mouthwash,ammonia,doorknob,,,paintbrush,,,,,,drug store / pharmacy,phone booth,noisy/loud - quiet,shocked,grapes,mushroom,cookies,gallon,,barbecue/grill,egg salad sandwich,spaghetti and meatballs,,blazer,(high) heels,rubbers,backpack,,,,(movie) screen,(color) markers,,,chin,diarrhea,needle/syringe,bed table,,postmark,magazine,driver's ed instructor,Extracurricular Activities,farmer,sing,employee lounge,,organizer/personal planner,glue,shipping department,backhoe,transmission,yield sign,bus station,suitcase,emergency exit,hot,,tire swing,tube,reins,soccer player,hockey mask,,scuba diving,push,sculpting/sculture,musician,foreign film,frensh horn,flower,island,tractor,camel,cockatoo,centipede,,,,rectangle width,pluto
,Son-in-law,,Do the laundry,thumbtack,work in groups,,mantel,salade plate,double bed,spice rack,food processor,baby carriage,,cup,dental floss,furniture polish,screen door,,,paint,,,,,,flower shop / florist,public telephone,married - single,nervous,cherries,artichoke,crackers,liter,,stir-fry,chicken salad sandwich,Side Dishes,,suit,pumps,gloves,briefcase,,,,electric typewriter,coloring book,,,sideburn,chest pain,banfages/gauze,bed pan,,mail slot,journal,teacher,band,firefighter,teach,coffee machine,,timesheet,rubber cement,hand truck,cement,gas tank,service area,ticket counter,luggage carrier,armrest,warm,,seesaw,(breath) blanket,strirrups,soccer field,hockey glove,,wet suit,pull,plaster,conductor,adventure movie,tuba,petal,air pollution,rooster,hump,parrot,praying mantis,,,,rectangle diagonal,space exploration
,Sister-in-law,,Iron,map,help each other,,fireplace,bread and butter plate,queen size bed,electric can opener,electric frying pan,food warmer,,toothbrush,shaving creme,floor wax,side door,,,paint thinner,mousetrap,,,,,furniture store,sewer,rich/wealthy - poor,worried,prunes,potato,spaghetti,pound,,microwave,ham and cheese sandwich,a baked potato,,three-piece suit,loafers,mittens,umbrella,,,,electronic typewriter,construction paper,,,mustache,shortness of breath,adhesive tape,medical chart,,window,call card,coach,orchestra,fisherman,translate,soda machine,,paycheck,masking tape,loading dock,wood/lumber,jack,railroad crossing,local bus,garment bag,seat control,cool,,wading pool,sun hat,skydiving,,hockey skates,,air tank,lift,stone,baton,war movie,percussion,pistula,acid rain,chicken/hen,llama,parakeet,cricket,,,,right triangle,satellite
,Brother-in-law,,Feed the baby/cat,pencil sharpener,lower the shades,,fireplace screen,dinner plate,king size bed,cookbook,waffle iron,booster seat,,toothbrush holder,after shave lotion,paper towel,sattelite dish,,,sandpaper,batteries,,,,,gas station / service station,street sign,pretty/beautiful - ugly,scared/afraid,dates,sweet potato,noodles,,,,roast beef sandwich,mashed potatoes,,vest,sneakers,hat,,,,,calculator,paint set,,,beard,laryngitis,alcohol,,,postal worker/postal clerk,call number,custodian,choir/chorus,foreman,type,receptionist,,letter opener,scotch tape/cellophane tape,payroll office,plywood,spare tire,street,bus stop,baggage,tray (table),cold,,sandbox,sunglasses,parachute,,basketball,,diving mask,swim,pottery,podium,science fiction movie,drum,stamen,toxic waste,chick,horse,duck,,,,,triangle apex,space probe
,,,Walk the dog,globe,turn off the lights,,picture/photograph,soup bowl,bunk bed,refrigirator,electric griddle,baby seat,,soap,deodorant,hanger,patio,,,wire,lightbulbs / bulbs,,,,,grocery store,fire station,handsome - ugly,bored,raisins,yam,macaroni,,,,corned beef sandwich,frensh fries,,tie/necktie,tennis shoes,cap,,,,,adding machine,(modeling) clay,,,neck,faint,cotton balls,,,scale,author,,drama,gardener,wash dishes,typist,,scissors,sealing tape/package mailing tape,personnel office,wire,flare,one-way street,rider/passenger,porter/skycap,meal,freezing,,sand,suntan lotion/sunscreen,golf,,basketball,,surfing,dive,clay,opera,tv programs,kettle drum,stem,radiation,turkey,tail,bill,,,,,triangle right angle,space craft/orbiter
,,,Watch TV,bookshelf,turn on the projector,,bookcase,water glass,trundle bed,freezer,popcorn maker,high chair,,soap dish,powder,laundry basket,lawnmower,,,nail,fuses,,,,,hair salon,office building,wet - dry,proud,blueberries,green pepper,rice,,,,"BLT/bacon, Lettuce, and tomato sandwich",rice,,bowtie,running shoes,baseball cap,,,,,voltage regulator,bicycle,,,shoulder,dizzy,drill,,,stamp machine,title,,football,hairdresser,write,file clerk,,punch,stationery,,insulation,jumper cables,double yellow line,(bus) fare,(baggage) claim chack,seat pocket,seasons,,,pail/bucket,golf clubs,,basketboard,,surfboard,shoot,potter's wheel,opera singer,drama,bongos,bud,water pollution,goat,foal,duckling,,,,,triangle base,space station
,,,Listen to Music/Radio,overhead projector,watch the movie,,,wine glass,sofa bed,ice maker,blender,portable crib,,soap dispenser,hand lotion,laundry bag,barbecue / outdoor grill,,,screw,electrical tape,,,,,hardware store,drive-through window,open - closed,embarrassed,cranberries,red pepper,Juice,,,,white bread,noodles,,tuxedo,high tops/high-top sneakers,beret,,,,,adapter,tricycle,,,chest,nauseous,anesthetic/novocaine,,,mail truck,subject,,school newspaper,housekeeper,,secretary,,3-hole punch,typing paper,,brick,engine,crosswalk,fare box,customs and immigration,emergency instruction card,summer,,,shovel,golf ball,,basketball hoop,,windsurfing,push-up,woodworking,opera company,situation comedy,conga drum,thorn,oil,kid,pony,goose,,,,,triangle hypotenuse,astronaut
,,,Read,TV,take notes,,,cup,convertible sofa,ice tray,grater,baby carrier,,water pik,perfume,utility sink,lawn chair,,,washer,oil,,,,,health club / spa,fire alarm box,full - empty,ashamed,raspberries,beet,apple juice,,,,rye bread,mixed vegetables,,evening gown/gown,sandals,rain hat,,,,,,wagon,,,abdomen,bloated,,,,mailbox,library card,,yearbook,journalist/reporter,,administrative assistant,,stamp pad/ink pad,carbon paper,,shingle,spark plugs,intersection,transfer,customs,air sickness bag,fall/autumn,,,beach ball,tennis,,volleyball,,sailboard,sit-up,stamp collecting,ballet,sitcom,cymbals,bulb,natural gas,sheep,armadillo,swan,,,,,isosceles triangle,space suit
,,,Play,movie screen,,,,saucer,day bed,refrigirator magnet,egg beater,potty,,vanity,cologne,scrub brush,tool shed,,,bolt,glue,,,,,hospital,intersection,expensive - cheap/ inexpensive,jealous,strawberries,onion,pineapple juice,,,,whole wheat bread,Desserts,,,thongs/flip-flops,ski hat,,,,,,skateboard,,,back,congested,,,,letter carrier/mail carrier,,,literary magazine,lawyer,,office manager,,rubber stamp,computer paper,,pipe,carburator,school crossing,subway,customs officer,life vest,winter,,,cooler,tennis racquet,,volleyball,,sail,leg lift,stamp album,ballet dancer,talk show,xylophone,chrysanthemum/mum,coal,lamb,kangaroo,flamingo,,,,,triangle acute angle,rocket
,,,Play basketball,slide projector,,,,napkin,cot,kitchen table,ladle,,,wastebasket,shoe polish,sponge,,,,nut,bug spray / insect spray,,,,,hotel,police officer,fancy - plain,confused,,scallion/green onion,grapefruit juice,,,,pumpernickel,chocolate cake,,,boots,ski mask,,,,,,swing set,,,arm,exhausted,,,,mail bag,,,student government,mechanic,,office assistant,,pen,correction fluid,,girder/beam,air filter,corner,subway station,customs declaration form,runway,spring,,,,tennis ball,,volleyball net,,waterskiing,jumping jack,coin collecting,ballerina,game show,keyboard instruments,daffodil,wind,bull,pouch,crane,,,,,triangle obtuse angle,launch pad
,,,Play the guitar,computer,,,,Silverware,water bed,placemat,ice cream scoop,,,shower,nail polish,bucket / pail,,,,,roach killer,,,,,ice cream shop,crosswalk,shiny - dull,,,red onion,tomato juice,,,,pita bread,apple pie,,,work boots,ear muffs,,,,,,plastic swimming pool/wading pool,,,armpit,cough,,,,,,,,model,,employer/boss,,pencil,,,,battery,traffic light/traffic signal,subway,immigration,terminal (building),,,,,squash,,soccer,,water skis,deep knee bend,coin catalog,ballet company,news program,piano,daisy,nuclear energy,dairy cow,leopard,stork,,,,,circle,space shuttle
,,,Practice the piano,movie projector,,,,salad fork,canopy bed,kitchen chair,cookie cutter,,,shower curtain rod,nail polish remover,trash can / garbage can,,,,,,,,,,jewelry store,pedestrian,sharp - dull,,,pearl onion,fruit punch,,,,a roll,ice cream,,,hiking boots,scarf,,,,,,video game system,,,elbow,sneeze,,,,,,,,newscaster,,,,mechanical pencil,,,,dipstick,no left turn sign,token booth,immigration officer,control tower,,,,,squash racquet,,soccer ball,,towrope,somersault,coin album,ballet slippers,sports program,organ,gardenia,solar energy,calf-calves,spots,pelican,,,,,circle center,booster rocket
,,,Study,,,,,dinner fork,hospital bed,garbage pail,strainer,,,shower head,makeup,recycling bin,,,,,,,,,,laundromat,traffic light / traffic signal,,,,turnip,grape juice,,,,a submarine roll,jello,,,cowboy boots,,,,,,,(video) game cartridge,,,waist,wheeze,,,,,,,,painter,,,,highlighter (pen),,,,alternator,no light turn sign,turnstile,passport,airplane/plane/jet,,,,,squash ball,,shinguards,,fishing,cartwheel,model building,toeshoes,children's program,electric piano/digital piano,lily,hydroelectric power,horse,giraffe,peacock,,,,,circle radius,mission control
,,,Exercise,,,,,knife,,,garlic press,,,shower curtain rings,base / foundation,clothesline,,,,,,,,,,library,garbage truck,,,,parsnip,cranberry juice,,,,,pudding,,,moccasins,,,,,,,hand-held video game,,,hip,burp,,,,,,,,pharmacist,,,,eraser,,,,radiator,no U-turn sign,commuter,visa,nose,,,,,handball,,,,fishing rod,handstand,model kit,movies,cartoon,synthesizer,pansy,,pig,bison,penguin,,,,,circle diameter,UFO/Unidentified Flying Object
,,,,,,,,teaspoon,,,bottle opener,,,shower curtain,blush / rouge,clothespins,,,,,,,,,,maternity shop,newsstand,,,,,juice paks,,,,,ice cream sundae,,,,,,,,,,walkie-talkie (set),,,buttocks,vomit/throw up,,,,,,,,photographer,,,,,,,,fan belt,do not enter sign,(subway) token,,cargo door,,,,,handball glove,,,,reel,,model glue,marquee,,other instruments,petunia,,piglet,elephant,roadrunner,,,,,circle circumference,flying saucer
,,,,,,,,soup spoon,,,can opener,,,bathtub / tub,lipstick,,,,,,,,,,,motel,street vendor,,,,,powdered drink mix,,,,,,,,,,,,,,,trading cards,,,leg,bleed,,,,,,,,pilot,,,,,,,,radiator hose,stop sign,fare card,,landing gear,,,,,handball,,,,fishing line,,model paint,box office,,accordion,orchid,,,tusk,ostrich,,,,,ellipse/oval,
,,,,,,,,butter knife,,,whisk,,,drain,eye shadow,,,,,,,,,,,movie theater,,,,,,Beverages,,,,,,,,,,,,,,,stickers,,,thigh,twist,,,,,,,,plumber,,,,,,,,gas station / service station,,fare card machine,,wing,,,,,racquetball,,,,net,,bird watching,billboard,,harmonica,rose,,,trunk,,,,,,Solid figures,
,,,,,,,,,,,vegetable peeler,,,rubber mat,eye liner,,,,,,,,,,,museum,,,,,,soda,,,,,,,,,,,,,,,bubble soap,,,knee,sprain,,,,,,,,police officer,,,,,,,,air pump,,taxi,,engine,,,,,safety goggles,,,,bait,,binoculars,lobby,,,sunflower,,,tiger,,,,,,cube,
,,,,,,,,,,,knife,,,sponge,mascara,,,,,,,,,,,music store,,,,,,diet soda,,,,,,,,,,,,,,,play house,,,calf,dislocate,,,,,,,,real estate agent,,,,,,,,service bay,,taxi stand,,tail,,,,,racquetball,,,,,,field guide,refreshment stand,,,tulip,,,paw,,,,,,cylinder,
,,,,,,,,,,,spatula,,,bath mat,,,,,,,,,,,,night club,,,,,,bottled water,,,,,,,,,,,,,,,,,,shin,scratch,,,,,,,,receptionist,,,,,,,,mechanic,,taxi/cab/taxicab,,propeller plane/prop,,,,,racquet,,,,,,photography,movie screen,,,violet,,,lion,,,,,,sphere,
,,,,,,,,,,,paring knife,,,bath rug,,,,,,,,,,,,park,,,,,,Poultry,,,,,,,,,,,,,,,,,,hand,scrape,,,,,,,,repairperson,,,,,,,,attendant,,meter,,propeller,,,,,ping pong,,,,,,camera,,,,bush,,,mane,,,,,,cone,
,,,,,,,,,,,,,,,,,,,,,,,,,,parking garage,,,,,,chicken,,,,,,,,,,,,,,,,,,wrist,bruise,,,,,,,,salesperson,,,,,,,,gas pump,,fare,,helicopter,,,,,paddle,,,,,,astronomy,,,,shrub,,,hippopotamus,,,,,,pyramid,
,,,,,,,,,,,,,,,,,,,,,,,,,,parking lot,,,,,,chicken legs,,,,,,,,,,,,,,,,,,thumb,burn,,,,,,,,sanitation worker,,,,,,,,nozzle,,cab driver/taxi driver,,rotor (blade),,,,,ping pong table,,,,,,telescope,,,,fern,,,hyena,,,,,,,
,,,,,,,,,,,,,,,,,,,,,,,,,,pet shop,,,,,,drumsticks,,,,,,,,,,,,,,,,,,index(finger),break-broke,,,,,,,,scientist,,,,,,,,visor,,,,,,,,,net,,,,,,games,,,,plant,,,rhinoceros,,,,,,,
,,,,,,,,,,,,,,,,,,,,,,,,,,photo shop,,,,,,chicken breast,,,,,,,,,,,,,,,,,,middle finger,hurt-hurt,,,,,,,,seamstress,,,,,,,,rearview mirror,,,,,,,,,ping pong ball,,,,,,chess,,,,cactus-cacti,,,horn,,,,,,,
,,,,,,,,,,,,,,,,,,,,,,,,,,pizza shop,,,,,,chicken wings,,,,,,,,,,,,,,,,,,ring finger,cut-cut,,,,,,,,secretary,,,,,,,,dashboard/instrument panel,,,,,,,,,frisbee,,,,,,checkers,,,,vine,,,zebra,,,,,,,
,,,,,,,,,,,,,,,,,,,,,,,,,,post office,,,,,,turkey,,,,,,,,,,,,,,,,,,pinky/little finger,swollen,,,,,,,,security guard,,,,,,,,gas gauge/fuel gauge,,,,,,,,,frisbee,,,,,,backgammon,,,,grass,,,stripes,,,,,,,
,,,,,,,,,,,,,,,,,,,,,,,,,,restaurant,,,,,,duck,,,,,,,,,,,,,,,,,,palm,itchy,,,,,,,,stock clerk,,,,,,,,temperature gauge,,,,,,,,,darts,,,,,,monopoly,,,,poison ivy,,,black bear,,,,,,,
,,,,,,,,,,,,,,,,,,,,,,,,,,school,,,,,,Meat,,,,,,,,,,,,,,,,,,fingernail,,,,,,,,,tailor,,,,,,,,speedometer,,,,,,,,,dartboard,,,,,,scrabble,,,,,,,claw,,,,,,,
,,,,,,,,,,,,,,,,,,,,,,,,,,shoe store,,,,,,ground beef,,,,,,,,,,,,,,,,,,knuckle,,,,,,,,,taxi driver,,,,,,,,odometer,,,,,,,,,darts,,,,,,cards,,,,,,,grizzly bear,,,,,,,
,,,,,,,,,,,,,,,,,,,,,,,,,,shopping mall,,,,,,roast,,,,,,,,,,,,,,,,,,foot,,,,,,,,,teacher,,,,,,,,warning lights,,,,,,,,,billiards/pool,,,,,,trivial pursuit,,,,,,,polar bear,,,,,,,
,,,,,,,,,,,,,,,,,,,,,,,,,,sipermarket,,,,,,steak,,,,,,,,,,,,,,,,,,ankle,,,,,,,,,translator/interpreter,,,,,,,,vent,,,,,,,,,pool table,,,,,,marbles,,,,,,,koala,,,,,,,
,,,,,,,,,,,,,,,,,,,,,,,,,,theater,,,,,,stewing meat,,,,,,,,,,,,,,,,,,heel,,,,,,,,,travel agent,,,,,,,,turn signal,,,,,,,,,billiard balls,,,,,,jacks,,,,,,,panda,,,,,,,
,,,,,,,,,,,,,,,,,,,,,,,,,,toy store,,,,,,leg of lamb,,,,,,,,,,,,,,,,,,toe,,,,,,,,,truck driver,,,,,,,,cruise control,,,,,,,,,pool stick,,,,,,,,,,,,,monkey,,,,,,,
,,,,,,,,,,,,,,,,,,,,,,,,,,train station,,,,,,lamb chops,,,,,,,,,,,,,,,,,,little toe,,,,,,,,,waiter,,,,,,,,steering wheel,,,,,,,,,karate,,,,,,,,,,,,,chimpanzee,,,,,,,
,,,,,,,,,,,,,,,,,,,,,,,,,,travel agency,,,,,,pork,,,,,,,,,,,,,,,,,,big toe,,,,,,,,,waitress,,,,,,,,steering column,,,,,,,,,karate outfit,,,,,,,,,,,,,gibbon,,,,,,,
,,,,,,,,,,,,,,,,,,,,,,,,,,video store,,,,,,pork chops,,,,,,,,,,,,,,,,,,toenail,,,,,,,,,welder,,,,,,,,air bag,,,,,,,,,karate belt,,,,,,,,,,,,,baboon,,,,,,,
,,,,,,,,,,,,,,,,,,,,,,,,,,vision center / eyeglass center,,,,,,ribs,,,,,,,,,,,,,,,,,,skin,,,,,,,,,veterinarian,,,,,,,,horn,,,,,,,,,gymnastics,,,,,,,,,,,,,orangutan,,,,,,,
,,,,,,,,,,,,,,,,,,,,,,,,,,zoo,,,,,,sausages,,,,,,,,,,,,,,,,,,brain,,,,,,,,,,,,,,,,,ignition,,,,,,,,,balance beam,,,,,,,,,,,,,gorilla,,,,,,,
,,,,,,,,,,,,,,,,,,,,,,,,,,,,,,,,ham,,,,,,,,,,,,,,,,,,throat,,,,,,,,,,,,,,,,,radio,,,,,,,,,parallel bars,,,,,,,,,,,,,anteater,,,,,,,
,,,,,,,,,,,,,,,,,,,,,,,,,,,,,,,,bacon,,,,,,,,,,,,,,,,,,esophagus,,,,,,,,,,,,,,,,,tape deck/cassette player,,,,,,,,,mat,,,,,,,,,,,,,worm,,,,,,,
,,,,,,,,,,,,,,,,,,,,,,,,,,,,,,,,Seafood,,,,,,,,,,,,,,,,,,windpipe,,,,,,,,,,,,,,,,,air conditioning,,,,,,,,,horse,,,,,,,,,,,,,slug,,,,,,,
,,,,,,,,,,,,,,,,,,,,,,,,,,,,,,,,Fish:,,,,,,,,,,,,,,,,,,spinal cord,,,,,,,,,,,,,,,,,heater,,,,,,,,,trampoline,,,,,,,,,,,,,Pets,,,,,,,
,,,,,,,,,,,,,,,,,,,,,,,,,,,,,,,,salmon,,,,,,,,,,,,,,,,,,lungs,,,,,,,,,,,,,,,,,defroster,,,,,,,,,weightlifting,,,,,,,,,,,,,cat,,,,,,,
,,,,,,,,,,,,,,,,,,,,,,,,,,,,,,,,halibut,,,,,,,,,,,,,,,,,,heart,,,,,,,,,,,,,,,,,glove compartment,,,,,,,,,barbell,,,,,,,,,,,,,whiskers,,,,,,,
,,,,,,,,,,,,,,,,,,,,,,,,,,,,,,,,flounder,,,,,,,,,,,,,,,,,,liver,,,,,,,,,,,,,,,,,emergency brake,,,,,,,,,weights,,,,,,,,,,,,,kitten,,,,,,,
,,,,,,,,,,,,,,,,,,,,,,,,,,,,,,,,swordfish,,,,,,,,,,,,,,,,,,gallbladder,,,,,,,,,,,,,,,,,brake,,,,,,,,,archery,,,,,,,,,,,,,dog,,,,,,,
,,,,,,,,,,,,,,,,,,,,,,,,,,,,,,,,haddock,,,,,,,,,,,,,,,,,,stomach,,,,,,,,,,,,,,,,,accelerator/gas pedal,,,,,,,,,bow and arrow,,,,,,,,,,,,,puppy,,,,,,,
,,,,,,,,,,,,,,,,,,,,,,,,,,,,,,,,trout,,,,,,,,,,,,,,,,,,large intestine,,,,,,,,,,,,,,,,,gearshift,,,,,,,,,target,,,,,,,,,,,,,hamster,,,,,,,
,,,,,,,,,,,,,,,,,,,,,,,,,,,,,,,,Shellfish,,,,,,,,,,,,,,,,,,small intestine,,,,,,,,,,,,,,,,,automatic trasmission,,,,,,,,,box,,,,,,,,,,,,,gerbil,,,,,,,
,,,,,,,,,,,,,,,,,,,,,,,,,,,,,,,,oysters,,,,,,,,,,,,,,,,,,muscles,,,,,,,,,,,,,,,,,clutch,,,,,,,,,boxing gloves,,,,,,,,,,,,,guinea pig,,,,,,,
,,,,,,,,,,,,,,,,,,,,,,,,,,,,,,,,scallops,,,,,,,,,,,,,,,,,,bones,,,,,,,,,,,,,,,,,stickshift,,,,,,,,,(boxing) trunks,,,,,,,,,,,,,,,,,,,,
,,,,,,,,,,,,,,,,,,,,,,,,,,,,,,,,shrimp,,,,,,,,,,,,,,,,,,pancreas,,,,,,,,,,,,,,,,,manual trasmission,,,,,,,,,wrestle,,,,,,,,,,,,,,,,,,,,
,,,,,,,,,,,,,,,,,,,,,,,,,,,,,,,,mussels,,,,,,,,,,,,,,,,,,kidneys,,,,,,,,,,,,,,,,,door lock,,,,,,,,,wrestling uniform,,,,,,,,,,,,,,,,,,,,
,,,,,,,,,,,,,,,,,,,,,,,,,,,,,,,,clams,,,,,,,,,,,,,,,,,,bladder,,,,,,,,,,,,,,,,,door handle,,,,,,,,,wrestling mat,,,,,,,,,,,,,,,,,,,,
,,,,,,,,,,,,,,,,,,,,,,,,,,,,,,,,crabs,,,,,,,,,,,,,,,,,,veins,,,,,,,,,,,,,,,,,shoulder harness,,,,,,,,,work out,,,,,,,,,,,,,,,,,,,,
,,,,,,,,,,,,,,,,,,,,,,,,,,,,,,,,lobster,,,,,,,,,,,,,,,,,,arteries,,,,,,,,,,,,,,,,,armrest,,,,,,,,,universal/exercise equipment,,,,,,,,,,,,,,,,,,,,
,,,,,,,,,,,,,,,,,,,,,,,,,,,,,,,,Baked Goods,,,,,,,,,,,,,,,,,,,,,,,,,,,,,,,,,,,headrest,,,,,,,,,exercise bike,,,,,,,,,,,,,,,,,,,,
,,,,,,,,,,,,,,,,,,,,,,,,,,,,,,,,English muffins,,,,,,,,,,,,,,,,,,,,,,,,,,,,,,,,,,,seal belt,,,,,,,,,,,,,,,,,,,,,,,,,,,,,
,,,,,,,,,,,,,,,,,,,,,,,,,,,,,,,,cake,,,,,,,,,,,,,,,,,,,,,,,,,,,,,,,,,,,seal,,,,,,,,,,,,,,,,,,,,,,,,,,,,,
,,,,,,,,,,,,,,,,,,,,,,,,,,,,,,,,pita bread,,,,,,,,,,,,,,,,,,,,,,,,,,,,,,,,,,,sedan,,,,,,,,,,,,,,,,,,,,,,,,,,,,,
,,,,,,,,,,,,,,,,,,,,,,,,,,,,,,,,rolls,,,,,,,,,,,,,,,,,,,,,,,,,,,,,,,,,,,hatchback,,,,,,,,,,,,,,,,,,,,,,,,,,,,,
,,,,,,,,,,,,,,,,,,,,,,,,,,,,,,,,bread,,,,,,,,,,,,,,,,,,,,,,,,,,,,,,,,,,,station wagon,,,,,,,,,,,,,,,,,,,,,,,,,,,,,
,,,,,,,,,,,,,,,,,,,,,,,,,,,,,,,,Frozen Foods,,,,,,,,,,,,,,,,,,,,,,,,,,,,,,,,,,,sports car,,,,,,,,,,,,,,,,,,,,,,,,,,,,,
,,,,,,,,,,,,,,,,,,,,,,,,,,,,,,,,ice cream,,,,,,,,,,,,,,,,,,,,,,,,,,,,,,,,,,,convertible,,,,,,,,,,,,,,,,,,,,,,,,,,,,,
,,,,,,,,,,,,,,,,,,,,,,,,,,,,,,,,frozen vegetables,,,,,,,,,,,,,,,,,,,,,,,,,,,,,,,,,,,minivan,,,,,,,,,,,,,,,,,,,,,,,,,,,,,
,,,,,,,,,,,,,,,,,,,,,,,,,,,,,,,,frozen dinners,,,,,,,,,,,,,,,,,,,,,,,,,,,,,,,,,,,jeep,,,,,,,,,,,,,,,,,,,,,,,,,,,,,
,,,,,,,,,,,,,,,,,,,,,,,,,,,,,,,,frozen lemonade,,,,,,,,,,,,,,,,,,,,,,,,,,,,,,,,,,,limousine,,,,,,,,,,,,,,,,,,,,,,,,,,,,,
,,,,,,,,,,,,,,,,,,,,,,,,,,,,,,,,frozen orange juice,,,,,,,,,,,,,,,,,,,,,,,,,,,,,,,,,,,pick-up truck,,,,,,,,,,,,,,,,,,,,,,,,,,,,,
,,,,,,,,,,,,,,,,,,,,,,,,,,,,,,,,Deli,,,,,,,,,,,,,,,,,,,,,,,,,,,,,,,,,,,tow truck,,,,,,,,,,,,,,,,,,,,,,,,,,,,,
,,,,,,,,,,,,,,,,,,,,,,,,,,,,,,,,Roast beef,,,,,,,,,,,,,,,,,,,,,,,,,,,,,,,,,,,truck,,,,,,,,,,,,,,,,,,,,,,,,,,,,,
,,,,,,,,,,,,,,,,,,,,,,,,,,,,,,,,bologna,,,,,,,,,,,,,,,,,,,,,,,,,,,,,,,,,,,,,,,,,,,,,,,,,,,,,,,,,,,,,,,,
,,,,,,,,,,,,,,,,,,,,,,,,,,,,,,,,salami,,,,,,,,,,,,,,,,,,,,,,,,,,,,,,,,,,,,,,,,,,,,,,,,,,,,,,,,,,,,,,,,
,,,,,,,,,,,,,,,,,,,,,,,,,,,,,,,,ham,,,,,,,,,,,,,,,,,,,,,,,,,,,,,,,,,,,,,,,,,,,,,,,,,,,,,,,,,,,,,,,,
,,,,,,,,,,,,,,,,,,,,,,,,,,,,,,,,turkey,,,,,,,,,,,,,,,,,,,,,,,,,,,,,,,,,,,,,,,,,,,,,,,,,,,,,,,,,,,,,,,,
,,,,,,,,,,,,,,,,,,,,,,,,,,,,,,,,corned beef,,,,,,,,,,,,,,,,,,,,,,,,,,,,,,,,,,,,,,,,,,,,,,,,,,,,,,,,,,,,,,,,
,,,,,,,,,,,,,,,,,,,,,,,,,,,,,,,,american cheese,,,,,,,,,,,,,,,,,,,,,,,,,,,,,,,,,,,,,,,,,,,,,,,,,,,,,,,,,,,,,,,,
,,,,,,,,,,,,,,,,,,,,,,,,,,,,,,,,swiss cheese,,,,,,,,,,,,,,,,,,,,,,,,,,,,,,,,,,,,,,,,,,,,,,,,,,,,,,,,,,,,,,,,
,,,,,,,,,,,,,,,,,,,,,,,,,,,,,,,,provolone,,,,,,,,,,,,,,,,,,,,,,,,,,,,,,,,,,,,,,,,,,,,,,,,,,,,,,,,,,,,,,,,
,,,,,,,,,,,,,,,,,,,,,,,,,,,,,,,,mozzarella,,,,,,,,,,,,,,,,,,,,,,,,,,,,,,,,,,,,,,,,,,,,,,,,,,,,,,,,,,,,,,,,
,,,,,,,,,,,,,,,,,,,,,,,,,,,,,,,,cheddar cheese,,,,,,,,,,,,,,,,,,,,,,,,,,,,,,,,,,,,,,,,,,,,,,,,,,,,,,,,,,,,,,,,
,,,,,,,,,,,,,,,,,,,,,,,,,,,,,,,,potato salad,,,,,,,,,,,,,,,,,,,,,,,,,,,,,,,,,,,,,,,,,,,,,,,,,,,,,,,,,,,,,,,,
,,,,,,,,,,,,,,,,,,,,,,,,,,,,,,,,cole slaw,,,,,,,,,,,,,,,,,,,,,,,,,,,,,,,,,,,,,,,,,,,,,,,,,,,,,,,,,,,,,,,,
,,,,,,,,,,,,,,,,,,,,,,,,,,,,,,,,macaroni salad,,,,,,,,,,,,,,,,,,,,,,,,,,,,,,,,,,,,,,,,,,,,,,,,,,,,,,,,,,,,,,,,
,,,,,,,,,,,,,,,,,,,,,,,,,,,,,,,,seafood salad,,,,,,,,,,,,,,,,,,,,,,,,,,,,,,,,,,,,,,,,,,,,,,,,,,,,,,,,,,,,,,,,
,,,,,,,,,,,,,,,,,,,,,,,,,,,,,,,,Snack foods,,,,,,,,,,,,,,,,,,,,,,,,,,,,,,,,,,,,,,,,,,,,,,,,,,,,,,,,,,,,,,,,
,,,,,,,,,,,,,,,,,,,,,,,,,,,,,,,,potato chips,,,,,,,,,,,,,,,,,,,,,,,,,,,,,,,,,,,,,,,,,,,,,,,,,,,,,,,,,,,,,,,,
,,,,,,,,,,,,,,,,,,,,,,,,,,,,,,,,corn chips,,,,,,,,,,,,,,,,,,,,,,,,,,,,,,,,,,,,,,,,,,,,,,,,,,,,,,,,,,,,,,,,
,,,,,,,,,,,,,,,,,,,,,,,,,,,,,,,,tortilla chips,,,,,,,,,,,,,,,,,,,,,,,,,,,,,,,,,,,,,,,,,,,,,,,,,,,,,,,,,,,,,,,,
,,,,,,,,,,,,,,,,,,,,,,,,,,,,,,,,nacho chips,,,,,,,,,,,,,,,,,,,,,,,,,,,,,,,,,,,,,,,,,,,,,,,,,,,,,,,,,,,,,,,,
,,,,,,,,,,,,,,,,,,,,,,,,,,,,,,,,pretzels,,,,,,,,,,,,,,,,,,,,,,,,,,,,,,,,,,,,,,,,,,,,,,,,,,,,,,,,,,,,,,,,
,,,,,,,,,,,,,,,,,,,,,,,,,,,,,,,,popcorn,,,,,,,,,,,,,,,,,,,,,,,,,,,,,,,,,,,,,,,,,,,,,,,,,,,,,,,,,,,,,,,,
,,,,,,,,,,,,,,,,,,,,,,,,,,,,,,,,nuts,,,,,,,,,,,,,,,,,,,,,,,,,,,,,,,,,,,,,,,,,,,,,,,,,,,,,,,,,,,,,,,,
,,,,,,,,,,,,,,,,,,,,,,,,,,,,,,,,peanuts,,,,,,,,,,,,,,,,,,,,,,,,,,,,,,,,,,,,,,,,,,,,,,,,,,,,,,,,,,,,,,,,
,,,,,,,,,,,,,,,,,,,,,,,,,,,,,,,,Condiments,,,,,,,,,,,,,,,,,,,,,,,,,,,,,,,,,,,,,,,,,,,,,,,,,,,,,,,,,,,,,,,,
,,,,,,,,,,,,,,,,,,,,,,,,,,,,,,,,ketchup,,,,,,,,,,,,,,,,,,,,,,,,,,,,,,,,,,,,,,,,,,,,,,,,,,,,,,,,,,,,,,,,
,,,,,,,,,,,,,,,,,,,,,,,,,,,,,,,,mustard,,,,,,,,,,,,,,,,,,,,,,,,,,,,,,,,,,,,,,,,,,,,,,,,,,,,,,,,,,,,,,,,
,,,,,,,,,,,,,,,,,,,,,,,,,,,,,,,,relish,,,,,,,,,,,,,,,,,,,,,,,,,,,,,,,,,,,,,,,,,,,,,,,,,,,,,,,,,,,,,,,,
,,,,,,,,,,,,,,,,,,,,,,,,,,,,,,,,pickles,,,,,,,,,,,,,,,,,,,,,,,,,,,,,,,,,,,,,,,,,,,,,,,,,,,,,,,,,,,,,,,,
,,,,,,,,,,,,,,,,,,,,,,,,,,,,,,,,olives,,,,,,,,,,,,,,,,,,,,,,,,,,,,,,,,,,,,,,,,,,,,,,,,,,,,,,,,,,,,,,,,
,,,,,,,,,,,,,,,,,,,,,,,,,,,,,,,,salt,,,,,,,,,,,,,,,,,,,,,,,,,,,,,,,,,,,,,,,,,,,,,,,,,,,,,,,,,,,,,,,,
,,,,,,,,,,,,,,,,,,,,,,,,,,,,,,,,pepper,,,,,,,,,,,,,,,,,,,,,,,,,,,,,,,,,,,,,,,,,,,,,,,,,,,,,,,,,,,,,,,,
,,,,,,,,,,,,,,,,,,,,,,,,,,,,,,,,spices,,,,,,,,,,,,,,,,,,,,,,,,,,,,,,,,,,,,,,,,,,,,,,,,,,,,,,,,,,,,,,,,
,,,,,,,,,,,,,,,,,,,,,,,,,,,,,,,,soy sauce,,,,,,,,,,,,,,,,,,,,,,,,,,,,,,,,,,,,,,,,,,,,,,,,,,,,,,,,,,,,,,,,
,,,,,,,,,,,,,,,,,,,,,,,,,,,,,,,,mayonnaise,,,,,,,,,,,,,,,,,,,,,,,,,,,,,,,,,,,,,,,,,,,,,,,,,,,,,,,,,,,,,,,,
,,,,,,,,,,,,,,,,,,,,,,,,,,,,,,,,cooking oil,,,,,,,,,,,,,,,,,,,,,,,,,,,,,,,,,,,,,,,,,,,,,,,,,,,,,,,,,,,,,,,,
,,,,,,,,,,,,,,,,,,,,,,,,,,,,,,,,olive oil,,,,,,,,,,,,,,,,,,,,,,,,,,,,,,,,,,,,,,,,,,,,,,,,,,,,,,,,,,,,,,,,
,,,,,,,,,,,,,,,,,,,,,,,,,,,,,,,,vinegar,,,,,,,,,,,,,,,,,,,,,,,,,,,,,,,,,,,,,,,,,,,,,,,,,,,,,,,,,,,,,,,,
,,,,,,,,,,,,,,,,,,,,,,,,,,,,,,,,salad dressing,,,,,,,,,,,,,,,,,,,,,,,,,,,,,,,,,,,,,,,,,,,,,,,,,,,,,,,,,,,,,,,,
,,,,,,,,,,,,,,,,,,,,,,,,,,,,,,,,Coffee and Tea,,,,,,,,,,,,,,,,,,,,,,,,,,,,,,,,,,,,,,,,,,,,,,,,,,,,,,,,,,,,,,,,
,,,,,,,,,,,,,,,,,,,,,,,,,,,,,,,,coffee,,,,,,,,,,,,,,,,,,,,,,,,,,,,,,,,,,,,,,,,,,,,,,,,,,,,,,,,,,,,,,,,
,,,,,,,,,,,,,,,,,,,,,,,,,,,,,,,,decaffeinated coffee,,,,,,,,,,,,,,,,,,,,,,,,,,,,,,,,,,,,,,,,,,,,,,,,,,,,,,,,,,,,,,,,
,,,,,,,,,,,,,,,,,,,,,,,,,,,,,,,,decaf coffee,,,,,,,,,,,,,,,,,,,,,,,,,,,,,,,,,,,,,,,,,,,,,,,,,,,,,,,,,,,,,,,,
,,,,,,,,,,,,,,,,,,,,,,,,,,,,,,,,tea,,,,,,,,,,,,,,,,,,,,,,,,,,,,,,,,,,,,,,,,,,,,,,,,,,,,,,,,,,,,,,,,
,,,,,,,,,,,,,,,,,,,,,,,,,,,,,,,,herbal tea,,,,,,,,,,,,,,,,,,,,,,,,,,,,,,,,,,,,,,,,,,,,,,,,,,,,,,,,,,,,,,,,
,,,,,,,,,,,,,,,,,,,,,,,,,,,,,,,,cocoa,,,,,,,,,,,,,,,,,,,,,,,,,,,,,,,,,,,,,,,,,,,,,,,,,,,,,,,,,,,,,,,,
,,,,,,,,,,,,,,,,,,,,,,,,,,,,,,,,hot chocolate mix,,,,,,,,,,,,,,,,,,,,,,,,,,,,,,,,,,,,,,,,,,,,,,,,,,,,,,,,,,,,,,,,
,,,,,,,,,,,,,,,,,,,,,,,,,,,,,,,,Baking products,,,,,,,,,,,,,,,,,,,,,,,,,,,,,,,,,,,,,,,,,,,,,,,,,,,,,,,,,,,,,,,,
,,,,,,,,,,,,,,,,,,,,,,,,,,,,,,,,flour,,,,,,,,,,,,,,,,,,,,,,,,,,,,,,,,,,,,,,,,,,,,,,,,,,,,,,,,,,,,,,,,
,,,,,,,,,,,,,,,,,,,,,,,,,,,,,,,,sugar,,,,,,,,,,,,,,,,,,,,,,,,,,,,,,,,,,,,,,,,,,,,,,,,,,,,,,,,,,,,,,,,
,,,,,,,,,,,,,,,,,,,,,,,,,,,,,,,,cake mix,,,,,,,,,,,,,,,,,,,,,,,,,,,,,,,,,,,,,,,,,,,,,,,,,,,,,,,,,,,,,,,,
,,,,,,,,,,,,,,,,,,,,,,,,,,,,,,,,Jams and Jellies,,,,,,,,,,,,,,,,,,,,,,,,,,,,,,,,,,,,,,,,,,,,,,,,,,,,,,,,,,,,,,,,
,,,,,,,,,,,,,,,,,,,,,,,,,,,,,,,,jam,,,,,,,,,,,,,,,,,,,,,,,,,,,,,,,,,,,,,,,,,,,,,,,,,,,,,,,,,,,,,,,,
,,,,,,,,,,,,,,,,,,,,,,,,,,,,,,,,jelly,,,,,,,,,,,,,,,,,,,,,,,,,,,,,,,,,,,,,,,,,,,,,,,,,,,,,,,,,,,,,,,,
,,,,,,,,,,,,,,,,,,,,,,,,,,,,,,,,marmalade,,,,,,,,,,,,,,,,,,,,,,,,,,,,,,,,,,,,,,,,,,,,,,,,,,,,,,,,,,,,,,,,
,,,,,,,,,,,,,,,,,,,,,,,,,,,,,,,,peanut butter,,,,,,,,,,,,,,,,,,,,,,,,,,,,,,,,,,,,,,,,,,,,,,,,,,,,,,,,,,,,,,,,
,,,,,,,,,,,,,,,,,,,,,,,,,,,,,,,,Paper Products,,,,,,,,,,,,,,,,,,,,,,,,,,,,,,,,,,,,,,,,,,,,,,,,,,,,,,,,,,,,,,,,
,,,,,,,,,,,,,,,,,,,,,,,,,,,,,,,,tissues,,,,,,,,,,,,,,,,,,,,,,,,,,,,,,,,,,,,,,,,,,,,,,,,,,,,,,,,,,,,,,,,
,,,,,,,,,,,,,,,,,,,,,,,,,,,,,,,,napkins,,,,,,,,,,,,,,,,,,,,,,,,,,,,,,,,,,,,,,,,,,,,,,,,,,,,,,,,,,,,,,,,
,,,,,,,,,,,,,,,,,,,,,,,,,,,,,,,,toilet paper,,,,,,,,,,,,,,,,,,,,,,,,,,,,,,,,,,,,,,,,,,,,,,,,,,,,,,,,,,,,,,,,
,,,,,,,,,,,,,,,,,,,,,,,,,,,,,,,,paper cups,,,,,,,,,,,,,,,,,,,,,,,,,,,,,,,,,,,,,,,,,,,,,,,,,,,,,,,,,,,,,,,,
,,,,,,,,,,,,,,,,,,,,,,,,,,,,,,,,paper plates,,,,,,,,,,,,,,,,,,,,,,,,,,,,,,,,,,,,,,,,,,,,,,,,,,,,,,,,,,,,,,,,
,,,,,,,,,,,,,,,,,,,,,,,,,,,,,,,,straws,,,,,,,,,,,,,,,,,,,,,,,,,,,,,,,,,,,,,,,,,,,,,,,,,,,,,,,,,,,,,,,,
,,,,,,,,,,,,,,,,,,,,,,,,,,,,,,,,paper towels,,,,,,,,,,,,,,,,,,,,,,,,,,,,,,,,,,,,,,,,,,,,,,,,,,,,,,,,,,,,,,,,
,,,,,,,,,,,,,,,,,,,,,,,,,,,,,,,,Household items,,,,,,,,,,,,,,,,,,,,,,,,,,,,,,,,,,,,,,,,,,,,,,,,,,,,,,,,,,,,,,,,
,,,,,,,,,,,,,,,,,,,,,,,,,,,,,,,,sandwich bags,,,,,,,,,,,,,,,,,,,,,,,,,,,,,,,,,,,,,,,,,,,,,,,,,,,,,,,,,,,,,,,,
,,,,,,,,,,,,,,,,,,,,,,,,,,,,,,,,trash bags,,,,,,,,,,,,,,,,,,,,,,,,,,,,,,,,,,,,,,,,,,,,,,,,,,,,,,,,,,,,,,,,
,,,,,,,,,,,,,,,,,,,,,,,,,,,,,,,,soap,,,,,,,,,,,,,,,,,,,,,,,,,,,,,,,,,,,,,,,,,,,,,,,,,,,,,,,,,,,,,,,,
,,,,,,,,,,,,,,,,,,,,,,,,,,,,,,,,liquid soap,,,,,,,,,,,,,,,,,,,,,,,,,,,,,,,,,,,,,,,,,,,,,,,,,,,,,,,,,,,,,,,,
,,,,,,,,,,,,,,,,,,,,,,,,,,,,,,,,aluminium foil,,,,,,,,,,,,,,,,,,,,,,,,,,,,,,,,,,,,,,,,,,,,,,,,,,,,,,,,,,,,,,,,
,,,,,,,,,,,,,,,,,,,,,,,,,,,,,,,,plastic wrap,,,,,,,,,,,,,,,,,,,,,,,,,,,,,,,,,,,,,,,,,,,,,,,,,,,,,,,,,,,,,,,,
,,,,,,,,,,,,,,,,,,,,,,,,,,,,,,,,waxed paper,,,,,,,,,,,,,,,,,,,,,,,,,,,,,,,,,,,,,,,,,,,,,,,,,,,,,,,,,,,,,,,,
,,,,,,,,,,,,,,,,,,,,,,,,,,,,,,,,Baby Products,,,,,,,,,,,,,,,,,,,,,,,,,,,,,,,,,,,,,,,,,,,,,,,,,,,,,,,,,,,,,,,,
,,,,,,,,,,,,,,,,,,,,,,,,,,,,,,,,baby cereal,,,,,,,,,,,,,,,,,,,,,,,,,,,,,,,,,,,,,,,,,,,,,,,,,,,,,,,,,,,,,,,,
,,,,,,,,,,,,,,,,,,,,,,,,,,,,,,,,formula,,,,,,,,,,,,,,,,,,,,,,,,,,,,,,,,,,,,,,,,,,,,,,,,,,,,,,,,,,,,,,,,
,,,,,,,,,,,,,,,,,,,,,,,,,,,,,,,,baby food,,,,,,,,,,,,,,,,,,,,,,,,,,,,,,,,,,,,,,,,,,,,,,,,,,,,,,,,,,,,,,,,
,,,,,,,,,,,,,,,,,,,,,,,,,,,,,,,,wipes,,,,,,,,,,,,,,,,,,,,,,,,,,,,,,,,,,,,,,,,,,,,,,,,,,,,,,,,,,,,,,,,
,,,,,,,,,,,,,,,,,,,,,,,,,,,,,,,,diapers,,,,,,,,,,,,,,,,,,,,,,,,,,,,,,,,,,,,,,,,,,,,,,,,,,,,,,,,,,,,,,,,
,,,,,,,,,,,,,,,,,,,,,,,,,,,,,,,,Pet Food,,,,,,,,,,,,,,,,,,,,,,,,,,,,,,,,,,,,,,,,,,,,,,,,,,,,,,,,,,,,,,,,
,,,,,,,,,,,,,,,,,,,,,,,,,,,,,,,,cat food,,,,,,,,,,,,,,,,,,,,,,,,,,,,,,,,,,,,,,,,,,,,,,,,,,,,,,,,,,,,,,,,
,,,,,,,,,,,,,,,,,,,,,,,,,,,,,,,,dog food,,,,,,,,,,,,,,,,,,,,,,,,,,,,,,,,,,,,,,,,,,,,,,,,,,,,,,,,,,,,,,,,
,,,,,,,,,,,,,,,,,,,,,,,,,,,,,,,,Checkout Area,,,,,,,,,,,,,,,,,,,,,,,,,,,,,,,,,,,,,,,,,,,,,,,,,,,,,,,,,,,,,,,,
,,,,,,,,,,,,,,,,,,,,,,,,,,,,,,,,aisle,,,,,,,,,,,,,,,,,,,,,,,,,,,,,,,,,,,,,,,,,,,,,,,,,,,,,,,,,,,,,,,,
,,,,,,,,,,,,,,,,,,,,,,,,,,,,,,,,shopping cart,,,,,,,,,,,,,,,,,,,,,,,,,,,,,,,,,,,,,,,,,,,,,,,,,,,,,,,,,,,,,,,,
,,,,,,,,,,,,,,,,,,,,,,,,,,,,,,,,shopper/customer,,,,,,,,,,,,,,,,,,,,,,,,,,,,,,,,,,,,,,,,,,,,,,,,,,,,,,,,,,,,,,,,
,,,,,,,,,,,,,,,,,,,,,,,,,,,,,,,,checkout counter,,,,,,,,,,,,,,,,,,,,,,,,,,,,,,,,,,,,,,,,,,,,,,,,,,,,,,,,,,,,,,,,
,,,,,,,,,,,,,,,,,,,,,,,,,,,,,,,,conveyor belt,,,,,,,,,,,,,,,,,,,,,,,,,,,,,,,,,,,,,,,,,,,,,,,,,,,,,,,,,,,,,,,,
,,,,,,,,,,,,,,,,,,,,,,,,,,,,,,,,coupons,,,,,,,,,,,,,,,,,,,,,,,,,,,,,,,,,,,,,,,,,,,,,,,,,,,,,,,,,,,,,,,,
,,,,,,,,,,,,,,,,,,,,,,,,,,,,,,,,scanner,,,,,,,,,,,,,,,,,,,,,,,,,,,,,,,,,,,,,,,,,,,,,,,,,,,,,,,,,,,,,,,,
,,,,,,,,,,,,,,,,,,,,,,,,,,,,,,,,scale,,,,,,,,,,,,,,,,,,,,,,,,,,,,,,,,,,,,,,,,,,,,,,,,,,,,,,,,,,,,,,,,
,,,,,,,,,,,,,,,,,,,,,,,,,,,,,,,,cach register,,,,,,,,,,,,,,,,,,,,,,,,,,,,,,,,,,,,,,,,,,,,,,,,,,,,,,,,,,,,,,,,
,,,,,,,,,,,,,,,,,,,,,,,,,,,,,,,,cashier,,,,,,,,,,,,,,,,,,,,,,,,,,,,,,,,,,,,,,,,,,,,,,,,,,,,,,,,,,,,,,,,
,,,,,,,,,,,,,,,,,,,,,,,,,,,,,,,,plastic bag,,,,,,,,,,,,,,,,,,,,,,,,,,,,,,,,,,,,,,,,,,,,,,,,,,,,,,,,,,,,,,,,
,,,,,,,,,,,,,,,,,,,,,,,,,,,,,,,,paper bag,,,,,,,,,,,,,,,,,,,,,,,,,,,,,,,,,,,,,,,,,,,,,,,,,,,,,,,,,,,,,,,,
,,,,,,,,,,,,,,,,,,,,,,,,,,,,,,,,bagger/packer,,,,,,,,,,,,,,,,,,,,,,,,,,,,,,,,,,,,,,,,,,,,,,,,,,,,,,,,,,,,,,,,
,,,,,,,,,,,,,,,,,,,,,,,,,,,,,,,,express checkout,,,,,,,,,,,,,,,,,,,,,,,,,,,,,,,,,,,,,,,,,,,,,,,,,,,,,,,,,,,,,,,,
,,,,,,,,,,,,,,,,,,,,,,,,,,,,,,,,tabloid,,,,,,,,,,,,,,,,,,,,,,,,,,,,,,,,,,,,,,,,,,,,,,,,,,,,,,,,,,,,,,,,
,,,,,,,,,,,,,,,,,,,,,,,,,,,,,,,,magazine,,,,,,,,,,,,,,,,,,,,,,,,,,,,,,,,,,,,,,,,,,,,,,,,,,,,,,,,,,,,,,,,
,,,,,,,,,,,,,,,,,,,,,,,,,,,,,,,,chewing gum,,,,,,,,,,,,,,,,,,,,,,,,,,,,,,,,,,,,,,,,,,,,,,,,,,,,,,,,,,,,,,,,
,,,,,,,,,,,,,,,,,,,,,,,,,,,,,,,,candy,,,,,,,,,,,,,,,,,,,,,,,,,,,,,,,,,,,,,,,,,,,,,,,,,,,,,,,,,,,,,,,,
,,,,,,,,,,,,,,,,,,,,,,,,,,,,,,,,shopping basket,,,,,,,,,,,,,,,,,,,,,,,,,,,,,,,,,,,,,,,,,,,,,,,,,,,,,,,,,,,,,,,,