FAMILY,RELATIONSHIPS,TRAVEL,TELEPHONE,COOKING,SHOPPING,BUSINESS,CLOTHES,ANIMALS,HOUSE,PARTY,DRIVING,EDUCATION,WORK/JOB,HEALTH,IDEA AND INNOVATION,MONEY,SLEEP,PROBLEMS,CRIME,ENVIRONMENT
Be named after,Break up,Check in,Break up,Bake off,Bring down,Back up,Do up,Beaver away,Build on,Blow out,Back up,Be into,Burn out,Block up,Come up with,Come into,Doze off,Deal with,Break into,Break down
Break up,Fall for,Check out,Call back,Boil away,Do up,Bail out,Dress down,Chicken out,Clean up/ tidy up,Blow up,Buckle up,Catch up,Call off,Break out,Figure out,Fork out,Drop off,Knuckle down,Break out of,Cut down
Bring sb up,Fall out,Drop off,Call up,Boil down,Go with smt,Bottom out,Dress up,Clam up,Hang up,Dress up,Cut off,Copy out,Carry out,Clog up,Start over,Pay back,Get up,Run into problems,Bring in,Die out
Fall out with sb,Go out,Get away,Cut off,Boil over,Look out for,Branch out,Dress up,Drone on,Mop up,Eat out,Drive by,Drop out,Draw up,Come down with,Think up,Pay off,Go off,Run up against,Lock up,Rely on
Get along/on with,Look up to,Get in,Get through,Bolt down,Pay for,Break into,Hang out,Duck out,Pick up,Go out,Fill up,Fall behind,Fill in for,Come round,,Put aside,Lie down,Sort out,Stake out,Run out of
Get together,Make up,Get off,Hang on,Chop up,Pick out,Call back,Hang up,Ferret around,Put away,Hang out,Get out of,Go over,Hand in,Come to,,Put down,Lie in,Talk over,Tip off,Scale back
Go by,Put down,Get on,Hang up,Cook away,Pop into,Call off,Have on,Ferret out,Put on (music),Pick up,Knock down,Go over,Knock off,Dose up (UK),,Rip off,Sleep in,Think through,,Spread out
Grow apart,Put up with,Go back,Hold on,Cut off,Put on,Carry on,Kick off,Fish for,Put on,Pull off,Pick up,Hand in/turn in,Knuckle down,Fight off,,Run up,Sleep on it,Wrestle with,,Throw away
Grow up,Split up,Hold up,Pick up,Cut out,Queue up/line up,Carry out,Let down,Fish out,Put on,Turn up,Pull in,Hand out,Lay off,Get over,,Save up,Sleep over,,,Used up
Look after,,Hurry up,Put through,Cut up,Ring up,Close down,Let out,Horse around,Put out,,Pull out,Read up on,Run by,Lay (laid) up,,Splash out,Sleep through,,,Wipe out
Look up to,,Look around,Speak up,Fry up,Sell out,Come up,Put on,Lark about/around (UK),Put up,,Pull over,Take up,Slack off,Lay low,,Squirrel away,Stay up,,,
Make up,,Look forward,Get back to,Mix in,Set (someone) back,Cut back,Slip on,Leech off,Stock up,,Run into,,Take on,Let up,,,Wake up,,,
Pass away,,Pick up,Get off,Peel off,Shop around,Deal with,Take in,Monkey around,Take down,,Run over,,Take over,Pass away,,,,,,
Put up with,,See off,Turn off,Pick at,Splash out,Drop in,Take off,Monkey with,Take out of the trash,,Slow down,,Work out,Pass out,,,,,,
Settle down,,Set off,Turn on,Pig out,Stand out,Fall through,Take up,Pig out,Throw away,,Turn off,,,Run over,,,,,,
Split up,,Set out,Pass on (a message),Slice off,Take off,Fill out,Throw on,Rabbit on (UK),Turn off,,,,,Shake off,,,,,,
Take after,,Speed up,Phone in,Thaw out,Try on,Find out,Try on,Rat on,Turn on,,,,,Swell up,,,,,,
Tell off,,Stop over,Look forward,Warm up,Try out,Get on (UK),Turn up,Squirrel away,,,,,,Throw up,,,,,,
,,Take off,Stop over,Whip up,Wear in,Go through,Wrap up,Turn turtle,,,,,,Warm up,,,,,,
,,Touch down,Touch down,,,Go under,Zip up,Wolf down,,,,,,Work out,,,,,,
,,,,,,Hold on,,Worm out of,,,,,,,,,,,,
,,,,,,Join in,,,,,,,,,,,,,,
,,,,,,Keep up with,,,,,,,,,,,,,,
,,,,,,Lay off,,,,,,,,,,,,,,
,,,,,,Level off,,,,,,,,,,,,,,
,,,,,,Look forward to,,,,,,,,,,,,,,
,,,,,,Note down,,,,,,,,,,,,,,
,,,,,,Pull out,,,,,,,,,,,,,,
,,,,,,Put back (UK),,,,,,,,,,,,,,
,,,,,,Run out of,,,,,,,,,,,,,,
,,,,,,Set up,,,,,,,,,,,,,,
,,,,,,Sort out,,,,,,,,,,,,,,
,,,,,,Step down,,,,,,,,,,,,,,
,,,,,,Take off,,,,,,,,,,,,,,
,,,,,,Take on,,,,,,,,,,,,,,
,,,,,,Take over,,,,,,,,,,,,,,
,,,,,,Take up,,,,,,,,,,,,,,
,,,,,,Weigh up (UK),,,,,,,,,,,,,,
