A,B,C,D,E,F,G,H,I,J,K,L,M,O,P,R,S,T,U,W
about turn,backfill,call back,die-off,earnout,face-down,get-together,hand-off,inburst,jack off,keep-away,lay-by,makeover,onfall,pass through,rainout,screwup,take up,up line,walk-in
add on,backfire,call up,dieback,,face-off,giveaway,handout,infill,jerkoff,kick around,layabout,markdown,onset,Passover,read-along,selldown,takeaway,upbraid,walk-off
,backlash,call-in,down line,,fade in,giveback,handover,inlock,jumpoff,kick-off,layaway,markup,opt-out,passthrough,ringback,selloff,takeoff,uptake,walk-on
,backroll,callback,downpour,,fakeout,go-to,hangout,intake,,kiss-up,layover,meetup,outfall,pay-off,rollaboard,send-off,takeover,,walkout
,backout,call-off,downbeat,,fade out,go-ahead,hang up,input,,kiss-off,layoff,meet-up,outburst,patdown,rip-off,sellout,takeout,,walk-over
,backset,callout,downthrow,,fall out,goof-off,hangover,,,knock-on,lead off,meltdown,outlook,payback,rollback,set-off,talkback,,walkthrough
,backshift,carry-on,downturn,,fallback,,heads-up,,,knock-up,lean-to,mix-up,outset,payout,rollout,setback,talkdown,,weigh-in
,backtalk,carryout,drawback,,falloff,,hideaway,,,knockoff,let-down,moveout,outtake,phaseout,rubdown,shakedown,tearaway,,whiteout
,backup,carryover,dress-up,,fallout,,hideout,,,knockout,liftoff,,outwork,pickup,run-through,shakeup,teardown,,wipeout
,bailout,carveout,drive-in,,fill-in,,holdout,,,,lineup,,overlay,pig-out,runaround,shout out,throwback,,workout
,blowoff,catch up,dropout,,flashforward,,,,,,login,,overspill,power-up,,shutout,tip-off,,writedown
,beatdown,cash-in,drive-off,,fillup,,holdover,,,,lock out,,overlook,pile on,runoff,show-off,throwdown,,write-down
,blackout,cashout,drive-through,,flame-out,,,,,,lock-in,,overpass,playback,,showoff,tie-up,,write-in
,blastoff,castaway,drop in,,flare-up,,,,,,lockout,,overpost,playoff,,shut-in,tiedown,,write-off
,bleed out,castoff,drop-off,,flashback,,,,,,lockup,,overpull,pop-in,,shutdown,timeout,,write-up
,blowout,cave in,dustup,,follow-through,,,,,,logoff,,,press-up,,signoff,touchdown,,
,blowup,change-up,,,follow-up,,,,,,logon,,,pull-up,,sing along,tryout,,
,boilover,changeover,,,frameup,,,,,,logout,,,pullback,,sit-down,tune-up,,
,bounceback,charge off,,,freak out,,,,,,look-back,,,pullout,,sit-in,turn-off,,
,break-in,check-in,,,freak-out,,,,,,lookout,,,pullover,,sit-up,turn-on,,
,breakaway,checkup,,,freezeout,,,,,,lookover,,,punch up,,slowdown,turnabout,,
,breakdown,chillout,,,frig-up,,,,,,,,,punch-up,,smackdown,turnaround,,
,breakout,chin-up,,,fry up,,,,,,,,,punch-up session,,snowout,turndown,,
,breakthrough,clawback,,,fuck up,,,,,,,,,push-up,,spillover,turnoff,,
,breakup,cleanup,,,fuckoff,,,,,,,,,pushforward,,spin-off,turnover,,
,brownout,click-through,,,,,,,,,,,,pushout,,stand-up,,,
,brush-off,climb down,,,,,,,,,,,,pushover,,standby,,,
,builddown,climbdown,,,,,,,,,,,,put-down,,stopover,,,
,buildup,closeout,,,,,,,,,,,,,,strikeout,,,
,bumpoff,cock-up,,,,,,,,,,,,,,strikethrough,,,
,burn out,combover,,,,,,,,,,,,,,suck-up,,,
,burndown,come-along,,,,,,,,,,,,,,,,,
,burnout,come-on,,,,,,,,,,,,,,,,,
,bust-out,comeback,,,,,,,,,,,,,,,,,
,bust-up,comedown,,,,,,,,,,,,,,,,,
,button-up,cook-off,,,,,,,,,,,,,,,,,
,buy-in,cookout,,,,,,,,,,,,,,,,,
,buy-off,cooldown,,,,,,,,,,,,,,,,,
,buyback,countdown,,,,,,,,,,,,,,,,,
,buyout,cover-up,,,,,,,,,,,,,,,,,
,,crackdown,,,,,,,,,,,,,,,,,
,,crackup,,,,,,,,,,,,,,,,,
,,crossover,,,,,,,,,,,,,,,,,
,,cut-out,,,,,,,,,,,,,,,,,
,,cut-through,,,,,,,,,,,,,,,,,
,,cutback,,,,,,,,,,,,,,,,,
,,cutoff,,,,,,,,,,,,,,,,,
,,cutup,,,,,,,,,,,,,,,,,