A,B,C,D,E,F,G,H-k,L,M-N,O-P,Q-R,S,T,U-W-Y
Account for,Bail out,Calm down,Deal with,Eat away,Find out,Gear up,Hand in,Lead in,Meet up,Open up,Quiet down,Scale back,Talk down,Used to
Account for,Bail out,Cancel out,Deal with,Eat into,Find out,Grow up,Hand off,Lead off,Miss out,Open up,Quiet down,Scare off,Talk into,Wait for
Account for,Bail out,Catch on,Deal with,Eat out,Find out,Grow up,Hand over,Lean on,Mix up,Open up,Quiet down,Scare off,Talk out of,Wait for
Account for,Ball out,Catch on,Deal with,Eat up,Finish off,Grow up,Hand round,Leave behind,Mix up,Pack away,Read in,Scarf down,Talk over,Wait for
Account to,Ball up,Catch up,Deal with,Eat up,Finish off,,Hash out,Leave behind,Mix up,Pack away,Read off,Sell down,Talk over,Wait for
Admire to,Ball up,Catch up,Deal with,,Finish up,,Head off,Leave behind,Mix up,Pack off,Read out,Sell out,Talk through,Wait for
Adopt out,Ball up,Catch up,Do for,,Finish with,,Head off,Leave behind,Mix up,Pack out,Read out,Sell out,Talk through,Wait up
Age out,Balls up,Catch up,Do in,,Finish with,,Head off,Leave behind,Monkey around,Pack up,Rely on,Sell out,Think back,Wait upon
Aim at,Bear on,Cheer up,Do in,,Fit in,,Knuckle down,Leave behind,Narrow down,Pay back,Rely on,Settle down,Think over,Wake up
Aim at/to,Bear out,Cheer up,Do up,,Fit in,,,Leave off,,Pay back,Roll around,Settle down,Think up,Wake up
Allow for,Bear upon,Chew out,Do up,,Fit into,,,Leave out,,Pay for,Roll around,Settle for,Tip off,Warm up
Attend to,Bear with,Chew up,Do up,,Fit into,,,Leave out,,Pay for,Roll around,Settle in,Try out,Warm up
,Believe in,Chicken out,Do up,,Fit up,,,Lie around,,Pay off,Roll around,Settle on,,Warm up
,Believe in,Chill out,Do without,,Fit up,,,Lie around,,Pay off,Roll around,Shake off,,Watch out
,Believe in,Chill out,Draw in,,Fix up,,,Lie before,,Pay off,Roll in,Shake off,,Watch over
,Block off,Clean out,Draw in,,Fix up,,,Lie down,,Pay off,Roll in,Shake off,,Wipe away
,Block off,Clean out,Draw in,,Fix up,,,Lie down,,Phase in,Roll out,Shake off,,Wipe down
,Block out,Clean up,Draw on,,Force out,,,Lie in,,Phase out,Roll over,Shake up,,Wipe up
,Block out,Clean up,Draw on,,,,,Lie low,,Plan on,Roll over,Shake up,,Wipe up
,Boil down,Clean up,Draw out,,,,,Lift up,,Plough back,Roll over,Shake up,,Wipe up
,Boil off,Clear away,Draw out,,,,,Light up,,Plough back,Roll up,Shade up,,Wipe up
,Boil off,Clear out,Draw up,,,,,Light up,,Plough through,Roll up,Shade up,,Write in
,Boil over,Clear out,Draw up,,,,,Lighten up,,Plough through,Round out,Show in,,Write in
,Boil up,Clear out,Draw up,,,,,Liven up,,Point out,Rule in,Show off,,Write off
,Book in,Clear out,Draw up,,,,,Liven up,,Point out,Rule out,Show off,,Write out
,Bottom out,Close down,Drink in,,,,,Lock in,,Pour out,Rule out,Show off,,Yield up
,Branch out,Close down,Drink to,,,,,Lock out,,Pour out,Rule out,Show up,,Yield up
,Branch out,Close in on,Drink up,,,,,Lock out,,Pour out,Rush off,Show up,,
,Brighten up,Close in on,Drive at,,,,,Log in,,Press out,,Shower with,,
,Bubble over,Close in on,Drive away,,,,,Log on,,,,Shut down,,
,Bubble over,Close off,Drive away,,,,,Log out,,,,Shut down,,
,Buck up,Close up,Dry out,,,,,Luck out,,,,Shut in,,
,Buck up,Close up,Dry up,,,,,Luck out,,,,Shut out,,
,Buck up,Close up,Dry up,,,,,,,,,Shut up,,
,Buckle down,Clock in,Dry up,,,,,,,,,Shut up,,
,Buckle up,Clock in,Dry up,,,,,,,,,Sign off,,
,Build up,Clock off,Dry up,,,,,,,,,Sign off,,
,Build up,Clock out,Dry up,,,,,,,,,Sign off,,
,Bump into,Clock out,,,,,,,,,,Sign out,,
,Bump into,Consist in,,,,,,,,,,Sign up,,
,Bump into,Consist of,,,,,,,,,,Sign up,,
,Burn down,Cool down,,,,,,,,,,Sign up,,
,Burn down,Cool down,,,,,,,,,,Sing along,,
,Burn out,Cool down,,,,,,,,,,Sink in,,
,Burn out,Cool down,,,,,,,,,,Sit back,,
,Burn up,Count down,,,,,,,,,,Sit down,,
,Burn up,Count down,,,,,,,,,,Sit on,,
,,Count in,,,,,,,,,,Sit on,,
,,Count in,,,,,,,,,,Sit on,,
,,Count off,,,,,,,,,,Sit on,,
,,Count on,,,,,,,,,,Sit out,,
,,Count out,,,,,,,,,,Sit through,,
,,Count out,,,,,,,,,,Sit up,,
,,Count up,,,,,,,,,,Sit up,,
,,Crop out,,,,,,,,,,Sit up,,
,,Cross off,,,,,,,,,,Sit up,,
,,Cross out,,,,,,,,,,Skip out,,
,,Cross over,,,,,,,,,,Sleep in,,
,,Cross over,,,,,,,,,,Sleep on,,
,,Cry off,,,,,,,,,,Sleep with,,
,,Cry out for,,,,,,,,,,Slide off,,
,,,,,,,,,,,,Slow down,,
,,,,,,,,,,,,Smoke out,,
,,,,,,,,,,,,Smoke out,,
,,,,,,,,,,,,Smoke out,,
,,,,,,,,,,,,Smoke out,,
,,,,,,,,,,,,Smoke out,,
,,,,,,,,,,,,Smooth down,,
,,,,,,,,,,,,Sort out,,
,,,,,,,,,,,,Sort out,,
,,,,,,,,,,,,Sort out,,
,,,,,,,,,,,,Sort out,,
,,,,,,,,,,,,Sort out,,
,,,,,,,,,,,,Sort out,,
,,,,,,,,,,,,Sort out,,
,,,,,,,,,,,,Sound off,,
,,,,,,,,,,,,Speed up,,
,,,,,,,,,,,,Speed up,,
,,,,,,,,,,,,Spell out,,
,,,,,,,,,,,,Spell out,,
,,,,,,,,,,,,Split up,,
,,,,,,,,,,,,Split up,,
,,,,,,,,,,,,Spread out,,
,,,,,,,,,,,,Spread out,,
,,,,,,,,,,,,Sump up,,
,,,,,,,,,,,,Start afresh,,
,,,,,,,,,,,,Start off,,
,,,,,,,,,,,,Start off,,
,,,,,,,,,,,,Start off,,
,,,,,,,,,,,,Start off,,
,,,,,,,,,,,,Start up,,
,,,,,,,,,,,,Start up,,
,,,,,,,,,,,,Start up,,
,,,,,,,,,,,,Stay in,,
,,,,,,,,,,,,Stay on,,
,,,,,,,,,,,,Stay up,,
,,,,,,,,,,,,Stay up,,
,,,,,,,,,,,,Stay up,,
,,,,,,,,,,,,Step back,,
,,,,,,,,,,,,Step back,,
,,,,,,,,,,,,Step on it,,
,,,,,,,,,,,,Step on it,,
,,,,,,,,,,,,Step up,,
,,,,,,,,,,,,Stick around,,
,,,,,,,,,,,,Stick at,,
,,,,,,,,,,,,Stick down,,
,,,,,,,,,,,,Stick down,,
,,,,,,,,,,,,Stick down,,
,,,,,,,,,,,,Stick it out,,
,,,,,,,,,,,,Stick out,,
,,,,,,,,,,,,Stick out,,
,,,,,,,,,,,,Stick to,,
,,,,,,,,,,,,Stick up,,
,,,,,,,,,,,,Stick up,,
,,,,,,,,,,,,Stick up,,
,,,,,,,,,,,,Stick up,,
,,,,,,,,,,,,Stick up for,,
,,,,,,,,,,,,Stick with,,
,,,,,,,,,,,,Stick with,,
,,,,,,,,,,,,Stick with,,
,,,,,,,,,,,,Stick with,,
