All,Time,Place,Movement/Direction
About,After,Above,Across
Above,Ago,Across from,Ahead
According to,Before,Among,Along
Across,"Betweenâ€¦and",At,Around
After,By,Behind,Away
Against,During,Below,Back
Ahead of,For,Beside,Down
Along,"Fromâ€¦to",Between,Into
Amidst,Past,By,Off of
Among,Since,Far from,On the top of
Amongst,To,In,Onto
Apart from,"Until/ Till",In front of,Out of
Around,Within,In/On/At the bottom of,Over
As,,Near,Past
As far as,,Next to,Through
As well as,,On,To
Aside from,,On top of,Toward
At,,Opposite,Under
Barring,,Over,Up
Because of,,,
Before,,,
Behind,,,
Below,,,
Beneath,,,
Beside,,,
Besides,,,
Between,,,
Beyond,,,
By,,,
By means of,,,
Circa,,,
Concerning,,,
Despite,,,
Down,,,
Due to,,,
During,,,
In,,,
In accordance with,,,
In addition to,,,
In case of,,,
In front of,,,
In lieu of,,,
In place of,,,
In spite of,,,
In to,,,
Inside,,,
Instead of,,,
Into,,,
Except,,,
Except for,,,
Excluding,,,
For,,,
Following,,,
From,,,
Like,,,
Minus,,,
Near,,,
Next,,,
Next to,,,
Past,,,
Per,,,
Prior to,,,
Round,,,
Since,,,
Off,,,
On,,,
On account of,,,
On behalf of,,,
On to,,,
On top of,,,
Onto,,,
Opposite,,,
Out,,,
Out from,,,
Out of,,,
Outside,,,
Over,,,
Owing to,,,
Plus,,,
Than,,,
Through,,,
Throughout,,,
Till,,,
Times,,,
To,,,
Toward,,,
Towards,,,
Under,,,
Underneath,,,
Unlike,,,
Until,,,
Unto,,,
Up,,,
Upon,,,
Via,,,
With,,,
With a view to,,,
Within,,,
Without,,,